tips,character,start,end
Anchylorhynchus_aegrotus,0,2,0/1
Anchylorhynchus_aegrotus,32,2,1
Anchylorhynchus_aegrotus,40,2,3
Anchylorhynchus_aegrotus,58,2,1
Anchylorhynchus_aegrotus,81,0,1
Anchylorhynchus_aegrotus,102,1,3
Anchylorhynchus_aegrotus,106,1,0
"Anchylorhynchus_aegrotus,Anchylorhynchus_bucki,Anchylorhynchus_vittipennis,Anchylorhynchus_variabilis",22,0,1
"Anchylorhynchus_aegrotus,Anchylorhynchus_bucki,Anchylorhynchus_vittipennis,Anchylorhynchus_variabilis",37,1,0
"Anchylorhynchus_aegrotus,Anchylorhynchus_bucki,Anchylorhynchus_vittipennis,Anchylorhynchus_variabilis",73,0,1
"Anchylorhynchus_aegrotus,Anchylorhynchus_bucki,Anchylorhynchus_vittipennis,Anchylorhynchus_variabilis,Anchylorhynchus_vanini",12,2,1
"Anchylorhynchus_aegrotus,Anchylorhynchus_bucki,Anchylorhynchus_vittipennis,Anchylorhynchus_variabilis,Anchylorhynchus_vanini",13,2,0
"Anchylorhynchus_aegrotus,Anchylorhynchus_bucki,Anchylorhynchus_vittipennis,Anchylorhynchus_variabilis,Anchylorhynchus_vanini",14,0,2
"Anchylorhynchus_aegrotus,Anchylorhynchus_bucki,Anchylorhynchus_vittipennis,Anchylorhynchus_variabilis,Anchylorhynchus_vanini",21,0,1
"Anchylorhynchus_aegrotus,Anchylorhynchus_bucki,Anchylorhynchus_vittipennis,Anchylorhynchus_variabilis,Anchylorhynchus_vanini",55,0,1
"Anchylorhynchus_aegrotus,Anchylorhynchus_bucki,Anchylorhynchus_vittipennis,Anchylorhynchus_variabilis,Anchylorhynchus_vanini",69,0,1
"Anchylorhynchus_aegrotus,Anchylorhynchus_bucki,Anchylorhynchus_vittipennis,Anchylorhynchus_variabilis,Anchylorhynchus_vanini,Anchylorhynchus_bicarinatus,Anchylorhynchus_tricarinatus",49,0,1
"Anchylorhynchus_aegrotus,Anchylorhynchus_bucki,Anchylorhynchus_vittipennis,Anchylorhynchus_variabilis,Anchylorhynchus_vanini,Anchylorhynchus_bicarinatus,Anchylorhynchus_tricarinatus",51,0,1
"Anchylorhynchus_aegrotus,Anchylorhynchus_bucki,Anchylorhynchus_vittipennis,Anchylorhynchus_variabilis,Anchylorhynchus_vanini,Anchylorhynchus_bicarinatus,Anchylorhynchus_tricarinatus,Anchylorhynchus_minimus,Anchylorhynchus_tremolerasi,Anchylorhynchus_parcus,Anchylorhynchus_chrysomeloides,Anchylorhynchus_bicolor,Anchylorhynchus_multisquamis,Anchylorhynchus_burmeisteri",29,1,2
"Anchylorhynchus_aegrotus,Anchylorhynchus_bucki,Anchylorhynchus_vittipennis,Anchylorhynchus_variabilis,Anchylorhynchus_vanini,Anchylorhynchus_bicarinatus,Anchylorhynchus_tricarinatus,Anchylorhynchus_minimus,Anchylorhynchus_tremolerasi,Anchylorhynchus_parcus,Anchylorhynchus_chrysomeloides,Anchylorhynchus_bicolor,Anchylorhynchus_multisquamis,Anchylorhynchus_burmeisteri",37,0,1
"Anchylorhynchus_aegrotus,Anchylorhynchus_bucki,Anchylorhynchus_vittipennis,Anchylorhynchus_variabilis,Anchylorhynchus_vanini,Anchylorhynchus_bicarinatus,Anchylorhynchus_tricarinatus,Anchylorhynchus_minimus,Anchylorhynchus_tremolerasi,Anchylorhynchus_parcus,Anchylorhynchus_chrysomeloides,Anchylorhynchus_bicolor,Anchylorhynchus_multisquamis,Anchylorhynchus_burmeisteri",59,1,0
"Anchylorhynchus_aegrotus,Anchylorhynchus_bucki,Anchylorhynchus_vittipennis,Anchylorhynchus_variabilis,Anchylorhynchus_vanini,Anchylorhynchus_bicarinatus,Anchylorhynchus_tricarinatus,Anchylorhynchus_minimus,Anchylorhynchus_tremolerasi,Anchylorhynchus_parcus,Anchylorhynchus_chrysomeloides,Anchylorhynchus_bicolor,Anchylorhynchus_multisquamis,Anchylorhynchus_burmeisteri,Anchylorhynchus_luteobrunneus,Anchylorhynchus_pinnocchio,Anchylorhynchus_albidus,Anchylorhynchus_goiano,Anchylorhynchus_trapezicollis,Anchylorhynchus_latipes,Anchylorhynchus_centrosquamatus,Anchylorhynchus_rectus,Anchylorhynchus_camposi,Anchylorhynchus_imitator,Anchylorhynchus_amazonicus",2,3,4
"Anchylorhynchus_aegrotus,Anchylorhynchus_bucki,Anchylorhynchus_vittipennis,Anchylorhynchus_variabilis,Anchylorhynchus_vanini,Anchylorhynchus_bicarinatus,Anchylorhynchus_tricarinatus,Anchylorhynchus_minimus,Anchylorhynchus_tremolerasi,Anchylorhynchus_parcus,Anchylorhynchus_chrysomeloides,Anchylorhynchus_bicolor,Anchylorhynchus_multisquamis,Anchylorhynchus_burmeisteri,Anchylorhynchus_luteobrunneus,Anchylorhynchus_pinnocchio,Anchylorhynchus_albidus,Anchylorhynchus_goiano,Anchylorhynchus_trapezicollis,Anchylorhynchus_latipes,Anchylorhynchus_centrosquamatus,Anchylorhynchus_rectus,Anchylorhynchus_camposi,Anchylorhynchus_imitator,Anchylorhynchus_amazonicus",5,0,1
"Anchylorhynchus_aegrotus,Anchylorhynchus_bucki,Anchylorhynchus_vittipennis,Anchylorhynchus_variabilis,Anchylorhynchus_vanini,Anchylorhynchus_bicarinatus,Anchylorhynchus_tricarinatus,Anchylorhynchus_minimus,Anchylorhynchus_tremolerasi,Anchylorhynchus_parcus,Anchylorhynchus_chrysomeloides,Anchylorhynchus_bicolor,Anchylorhynchus_multisquamis,Anchylorhynchus_burmeisteri,Anchylorhynchus_luteobrunneus,Anchylorhynchus_pinnocchio,Anchylorhynchus_albidus,Anchylorhynchus_goiano,Anchylorhynchus_trapezicollis,Anchylorhynchus_latipes,Anchylorhynchus_centrosquamatus,Anchylorhynchus_rectus,Anchylorhynchus_camposi,Anchylorhynchus_imitator,Anchylorhynchus_amazonicus",8,0,1
"Anchylorhynchus_aegrotus,Anchylorhynchus_bucki,Anchylorhynchus_vittipennis,Anchylorhynchus_variabilis,Anchylorhynchus_vanini,Anchylorhynchus_bicarinatus,Anchylorhynchus_tricarinatus,Anchylorhynchus_minimus,Anchylorhynchus_tremolerasi,Anchylorhynchus_parcus,Anchylorhynchus_chrysomeloides,Anchylorhynchus_bicolor,Anchylorhynchus_multisquamis,Anchylorhynchus_burmeisteri,Anchylorhynchus_luteobrunneus,Anchylorhynchus_pinnocchio,Anchylorhynchus_albidus,Anchylorhynchus_goiano,Anchylorhynchus_trapezicollis,Anchylorhynchus_latipes,Anchylorhynchus_centrosquamatus,Anchylorhynchus_rectus,Anchylorhynchus_camposi,Anchylorhynchus_imitator,Anchylorhynchus_amazonicus",13,0,2
"Anchylorhynchus_aegrotus,Anchylorhynchus_bucki,Anchylorhynchus_vittipennis,Anchylorhynchus_variabilis,Anchylorhynchus_vanini,Anchylorhynchus_bicarinatus,Anchylorhynchus_tricarinatus,Anchylorhynchus_minimus,Anchylorhynchus_tremolerasi,Anchylorhynchus_parcus,Anchylorhynchus_chrysomeloides,Anchylorhynchus_bicolor,Anchylorhynchus_multisquamis,Anchylorhynchus_burmeisteri,Anchylorhynchus_luteobrunneus,Anchylorhynchus_pinnocchio,Anchylorhynchus_albidus,Anchylorhynchus_goiano,Anchylorhynchus_trapezicollis,Anchylorhynchus_latipes,Anchylorhynchus_centrosquamatus,Anchylorhynchus_rectus,Anchylorhynchus_camposi,Anchylorhynchus_imitator,Anchylorhynchus_amazonicus",17,0,1
"Anchylorhynchus_aegrotus,Anchylorhynchus_bucki,Anchylorhynchus_vittipennis,Anchylorhynchus_variabilis,Anchylorhynchus_vanini,Anchylorhynchus_bicarinatus,Anchylorhynchus_tricarinatus,Anchylorhynchus_minimus,Anchylorhynchus_tremolerasi,Anchylorhynchus_parcus,Anchylorhynchus_chrysomeloides,Anchylorhynchus_bicolor,Anchylorhynchus_multisquamis,Anchylorhynchus_burmeisteri,Anchylorhynchus_luteobrunneus,Anchylorhynchus_pinnocchio,Anchylorhynchus_albidus,Anchylorhynchus_goiano,Anchylorhynchus_trapezicollis,Anchylorhynchus_latipes,Anchylorhynchus_centrosquamatus,Anchylorhynchus_rectus,Anchylorhynchus_camposi,Anchylorhynchus_imitator,Anchylorhynchus_amazonicus",19,0,2
"Anchylorhynchus_aegrotus,Anchylorhynchus_bucki,Anchylorhynchus_vittipennis,Anchylorhynchus_variabilis,Anchylorhynchus_vanini,Anchylorhynchus_bicarinatus,Anchylorhynchus_tricarinatus,Anchylorhynchus_minimus,Anchylorhynchus_tremolerasi,Anchylorhynchus_parcus,Anchylorhynchus_chrysomeloides,Anchylorhynchus_bicolor,Anchylorhynchus_multisquamis,Anchylorhynchus_burmeisteri,Anchylorhynchus_luteobrunneus,Anchylorhynchus_pinnocchio,Anchylorhynchus_albidus,Anchylorhynchus_goiano,Anchylorhynchus_trapezicollis,Anchylorhynchus_latipes,Anchylorhynchus_centrosquamatus,Anchylorhynchus_rectus,Anchylorhynchus_camposi,Anchylorhynchus_imitator,Anchylorhynchus_amazonicus",30,1,2
"Anchylorhynchus_aegrotus,Anchylorhynchus_bucki,Anchylorhynchus_vittipennis,Anchylorhynchus_variabilis,Anchylorhynchus_vanini,Anchylorhynchus_bicarinatus,Anchylorhynchus_tricarinatus,Anchylorhynchus_minimus,Anchylorhynchus_tremolerasi,Anchylorhynchus_parcus,Anchylorhynchus_chrysomeloides,Anchylorhynchus_bicolor,Anchylorhynchus_multisquamis,Anchylorhynchus_burmeisteri,Anchylorhynchus_luteobrunneus,Anchylorhynchus_pinnocchio,Anchylorhynchus_albidus,Anchylorhynchus_goiano,Anchylorhynchus_trapezicollis,Anchylorhynchus_latipes,Anchylorhynchus_centrosquamatus,Anchylorhynchus_rectus,Anchylorhynchus_camposi,Anchylorhynchus_imitator,Anchylorhynchus_amazonicus",32,0,2
"Anchylorhynchus_aegrotus,Anchylorhynchus_bucki,Anchylorhynchus_vittipennis,Anchylorhynchus_variabilis,Anchylorhynchus_vanini,Anchylorhynchus_bicarinatus,Anchylorhynchus_tricarinatus,Anchylorhynchus_minimus,Anchylorhynchus_tremolerasi,Anchylorhynchus_parcus,Anchylorhynchus_chrysomeloides,Anchylorhynchus_bicolor,Anchylorhynchus_multisquamis,Anchylorhynchus_burmeisteri,Anchylorhynchus_luteobrunneus,Anchylorhynchus_pinnocchio,Anchylorhynchus_albidus,Anchylorhynchus_goiano,Anchylorhynchus_trapezicollis,Anchylorhynchus_latipes,Anchylorhynchus_centrosquamatus,Anchylorhynchus_rectus,Anchylorhynchus_camposi,Anchylorhynchus_imitator,Anchylorhynchus_amazonicus",43,0,2
"Anchylorhynchus_aegrotus,Anchylorhynchus_bucki,Anchylorhynchus_vittipennis,Anchylorhynchus_variabilis,Anchylorhynchus_vanini,Anchylorhynchus_bicarinatus,Anchylorhynchus_tricarinatus,Anchylorhynchus_minimus,Anchylorhynchus_tremolerasi,Anchylorhynchus_parcus,Anchylorhynchus_chrysomeloides,Anchylorhynchus_bicolor,Anchylorhynchus_multisquamis,Anchylorhynchus_burmeisteri,Anchylorhynchus_luteobrunneus,Anchylorhynchus_pinnocchio,Anchylorhynchus_albidus,Anchylorhynchus_goiano,Anchylorhynchus_trapezicollis,Anchylorhynchus_latipes,Anchylorhynchus_centrosquamatus,Anchylorhynchus_rectus,Anchylorhynchus_camposi,Anchylorhynchus_imitator,Anchylorhynchus_amazonicus",71,0,2
"Anchylorhynchus_aegrotus,Anchylorhynchus_bucki,Anchylorhynchus_vittipennis,Anchylorhynchus_variabilis,Anchylorhynchus_vanini,Anchylorhynchus_bicarinatus,Anchylorhynchus_tricarinatus,Anchylorhynchus_minimus,Anchylorhynchus_tremolerasi,Anchylorhynchus_parcus,Anchylorhynchus_chrysomeloides,Anchylorhynchus_bicolor,Anchylorhynchus_multisquamis,Anchylorhynchus_burmeisteri,Anchylorhynchus_luteobrunneus,Anchylorhynchus_pinnocchio,Anchylorhynchus_albidus,Anchylorhynchus_goiano,Anchylorhynchus_trapezicollis,Anchylorhynchus_latipes,Anchylorhynchus_centrosquamatus,Anchylorhynchus_rectus,Anchylorhynchus_camposi,Anchylorhynchus_imitator,Anchylorhynchus_amazonicus",76,0,1
"Anchylorhynchus_aegrotus,Anchylorhynchus_bucki,Anchylorhynchus_vittipennis,Anchylorhynchus_variabilis,Anchylorhynchus_vanini,Anchylorhynchus_bicarinatus,Anchylorhynchus_tricarinatus,Anchylorhynchus_minimus,Anchylorhynchus_tremolerasi,Anchylorhynchus_parcus,Anchylorhynchus_chrysomeloides,Anchylorhynchus_bicolor,Anchylorhynchus_multisquamis,Anchylorhynchus_burmeisteri,Anchylorhynchus_luteobrunneus,Anchylorhynchus_pinnocchio,Anchylorhynchus_albidus,Anchylorhynchus_goiano,Anchylorhynchus_trapezicollis,Anchylorhynchus_latipes,Anchylorhynchus_centrosquamatus,Anchylorhynchus_rectus,Anchylorhynchus_camposi,Anchylorhynchus_imitator,Anchylorhynchus_amazonicus",77,0,2
"Anchylorhynchus_aegrotus,Anchylorhynchus_bucki,Anchylorhynchus_vittipennis,Anchylorhynchus_variabilis,Anchylorhynchus_vanini,Anchylorhynchus_bicarinatus,Anchylorhynchus_tricarinatus,Anchylorhynchus_minimus,Anchylorhynchus_tremolerasi,Anchylorhynchus_parcus,Anchylorhynchus_chrysomeloides,Anchylorhynchus_bicolor,Anchylorhynchus_multisquamis,Anchylorhynchus_burmeisteri,Anchylorhynchus_luteobrunneus,Anchylorhynchus_pinnocchio,Anchylorhynchus_albidus,Anchylorhynchus_goiano,Anchylorhynchus_trapezicollis,Anchylorhynchus_latipes,Anchylorhynchus_centrosquamatus,Anchylorhynchus_rectus,Anchylorhynchus_camposi,Anchylorhynchus_imitator,Anchylorhynchus_amazonicus",79,0,2
"Anchylorhynchus_aegrotus,Anchylorhynchus_bucki,Anchylorhynchus_vittipennis,Anchylorhynchus_variabilis,Anchylorhynchus_vanini,Anchylorhynchus_bicarinatus,Anchylorhynchus_tricarinatus,Anchylorhynchus_minimus,Anchylorhynchus_tremolerasi,Anchylorhynchus_parcus,Anchylorhynchus_chrysomeloides,Anchylorhynchus_bicolor,Anchylorhynchus_multisquamis,Anchylorhynchus_burmeisteri,Anchylorhynchus_luteobrunneus,Anchylorhynchus_pinnocchio,Anchylorhynchus_albidus,Anchylorhynchus_goiano,Anchylorhynchus_trapezicollis,Anchylorhynchus_latipes,Anchylorhynchus_centrosquamatus,Anchylorhynchus_rectus,Anchylorhynchus_camposi,Anchylorhynchus_imitator,Anchylorhynchus_amazonicus",87,0,2
"Anchylorhynchus_aegrotus,Anchylorhynchus_bucki,Anchylorhynchus_vittipennis,Anchylorhynchus_variabilis,Anchylorhynchus_vanini,Anchylorhynchus_bicarinatus,Anchylorhynchus_tricarinatus,Anchylorhynchus_minimus,Anchylorhynchus_tremolerasi,Anchylorhynchus_parcus,Anchylorhynchus_chrysomeloides,Anchylorhynchus_bicolor,Anchylorhynchus_multisquamis,Anchylorhynchus_burmeisteri,Anchylorhynchus_luteobrunneus,Anchylorhynchus_pinnocchio,Anchylorhynchus_albidus,Anchylorhynchus_goiano,Anchylorhynchus_trapezicollis,Anchylorhynchus_latipes,Anchylorhynchus_centrosquamatus,Anchylorhynchus_rectus,Anchylorhynchus_camposi,Anchylorhynchus_imitator,Anchylorhynchus_amazonicus",94,0,1
"Anchylorhynchus_aegrotus,Anchylorhynchus_bucki,Anchylorhynchus_vittipennis,Anchylorhynchus_variabilis,Anchylorhynchus_vanini,Anchylorhynchus_bicarinatus,Anchylorhynchus_tricarinatus,Anchylorhynchus_minimus,Anchylorhynchus_tremolerasi,Anchylorhynchus_parcus,Anchylorhynchus_chrysomeloides,Anchylorhynchus_bicolor,Anchylorhynchus_multisquamis,Anchylorhynchus_burmeisteri,Anchylorhynchus_luteobrunneus,Anchylorhynchus_pinnocchio,Anchylorhynchus_albidus,Anchylorhynchus_goiano,Anchylorhynchus_trapezicollis,Anchylorhynchus_latipes,Anchylorhynchus_centrosquamatus,Anchylorhynchus_rectus,Anchylorhynchus_camposi,Anchylorhynchus_imitator,Anchylorhynchus_amazonicus",104,2,1
"Anchylorhynchus_aegrotus,Anchylorhynchus_bucki,Anchylorhynchus_vittipennis,Anchylorhynchus_variabilis,Anchylorhynchus_vanini,Anchylorhynchus_bicarinatus,Anchylorhynchus_tricarinatus,Anchylorhynchus_minimus,Anchylorhynchus_tremolerasi,Anchylorhynchus_parcus,Anchylorhynchus_chrysomeloides,Anchylorhynchus_bicolor,Anchylorhynchus_multisquamis,Anchylorhynchus_burmeisteri,Anchylorhynchus_luteobrunneus,Anchylorhynchus_pinnocchio,Anchylorhynchus_albidus,Anchylorhynchus_goiano,Anchylorhynchus_trapezicollis,Anchylorhynchus_latipes,Anchylorhynchus_centrosquamatus,Anchylorhynchus_rectus,Anchylorhynchus_camposi,Anchylorhynchus_imitator,Anchylorhynchus_amazonicus",105,1,0
"Anchylorhynchus_aegrotus,Anchylorhynchus_bucki,Anchylorhynchus_vittipennis,Anchylorhynchus_variabilis,Anchylorhynchus_vanini,Anchylorhynchus_bicarinatus,Anchylorhynchus_tricarinatus,Anchylorhynchus_minimus,Anchylorhynchus_tremolerasi,Anchylorhynchus_parcus,Anchylorhynchus_chrysomeloides,Anchylorhynchus_bicolor,Anchylorhynchus_multisquamis,Anchylorhynchus_burmeisteri,Anchylorhynchus_luteobrunneus,Anchylorhynchus_pinnocchio,Anchylorhynchus_albidus,Anchylorhynchus_goiano,Anchylorhynchus_trapezicollis,Anchylorhynchus_latipes,Anchylorhynchus_centrosquamatus,Anchylorhynchus_rectus,Anchylorhynchus_camposi,Anchylorhynchus_imitator,Anchylorhynchus_amazonicus",107,1,0
"Anchylorhynchus_aegrotus,Anchylorhynchus_bucki,Anchylorhynchus_vittipennis,Anchylorhynchus_variabilis,Anchylorhynchus_vanini,Anchylorhynchus_bicarinatus,Anchylorhynchus_tricarinatus,Anchylorhynchus_minimus,Anchylorhynchus_tremolerasi,Anchylorhynchus_parcus,Anchylorhynchus_chrysomeloides,Anchylorhynchus_bicolor,Anchylorhynchus_multisquamis,Anchylorhynchus_burmeisteri,Anchylorhynchus_luteobrunneus,Anchylorhynchus_pinnocchio,Anchylorhynchus_albidus,Anchylorhynchus_goiano,Anchylorhynchus_trapezicollis,Anchylorhynchus_latipes,Anchylorhynchus_centrosquamatus,Anchylorhynchus_rectus,Anchylorhynchus_camposi,Anchylorhynchus_imitator,Anchylorhynchus_amazonicus",108,0,1
"Anchylorhynchus_aegrotus,Anchylorhynchus_bucki,Anchylorhynchus_vittipennis,Anchylorhynchus_variabilis,Anchylorhynchus_vanini,Anchylorhynchus_bicarinatus,Anchylorhynchus_tricarinatus,Anchylorhynchus_minimus,Anchylorhynchus_tremolerasi,Anchylorhynchus_parcus,Anchylorhynchus_chrysomeloides,Anchylorhynchus_bicolor,Anchylorhynchus_multisquamis,Anchylorhynchus_burmeisteri,Anchylorhynchus_luteobrunneus,Anchylorhynchus_pinnocchio,Anchylorhynchus_albidus,Anchylorhynchus_goiano,Anchylorhynchus_trapezicollis,Anchylorhynchus_latipes,Anchylorhynchus_centrosquamatus,Anchylorhynchus_rectus,Anchylorhynchus_camposi,Anchylorhynchus_imitator,Anchylorhynchus_amazonicus",112,1,0
Anchylorhynchus_albidus,7,0,2
Anchylorhynchus_albidus,8,1,0
Anchylorhynchus_albidus,18,0,1
Anchylorhynchus_albidus,48,1,3
Anchylorhynchus_albidus,61,0,1
Anchylorhynchus_albidus,62,1,0
Anchylorhynchus_albidus,77,2,1
Anchylorhynchus_albidus,84,1,0
Anchylorhynchus_amazonicus,64,0,1
Anchylorhynchus_amazonicus,72,2,1
Anchylorhynchus_bicarinatus,23,0,1
Anchylorhynchus_bicarinatus,31,1,0
Anchylorhynchus_bicarinatus,32,2,1
Anchylorhynchus_bicarinatus,44,1,2
Anchylorhynchus_bicarinatus,60,1,2
Anchylorhynchus_bicarinatus,61,0,1
Anchylorhynchus_bicarinatus,83,1,2
Anchylorhynchus_bicarinatus,87,2,1
Anchylorhynchus_bicarinatus,100,0,1
Anchylorhynchus_bicarinatus,104,1,2
"Anchylorhynchus_bicarinatus,Anchylorhynchus_tricarinatus",2,4,2
"Anchylorhynchus_bicarinatus,Anchylorhynchus_tricarinatus",9,0,1
"Anchylorhynchus_bicarinatus,Anchylorhynchus_tricarinatus",24,1,0
"Anchylorhynchus_bicarinatus,Anchylorhynchus_tricarinatus",40,2,1
"Anchylorhynchus_bicarinatus,Anchylorhynchus_tricarinatus",42,0/1,2
"Anchylorhynchus_bicarinatus,Anchylorhynchus_tricarinatus",47,0,1
"Anchylorhynchus_bicarinatus,Anchylorhynchus_tricarinatus",75,0,1
"Anchylorhynchus_bicarinatus,Anchylorhynchus_tricarinatus",78,0,2
"Anchylorhynchus_bicarinatus,Anchylorhynchus_tricarinatus",82,2,1
"Anchylorhynchus_bicarinatus,Anchylorhynchus_tricarinatus",84,1,2
"Anchylorhynchus_bicarinatus,Anchylorhynchus_tricarinatus",85,0,2
"Anchylorhynchus_bicarinatus,Anchylorhynchus_tricarinatus",86,0,1
Anchylorhynchus_bicolor,38,0,1
Anchylorhynchus_bicolor,44,1,2
Anchylorhynchus_bicolor,46,1,0
Anchylorhynchus_bicolor,47,1,0
Anchylorhynchus_bicolor,64,1,0
Anchylorhynchus_bicolor,70,1,0
Anchylorhynchus_bicolor,82,2,1
Anchylorhynchus_bucki,14,2,0
Anchylorhynchus_bucki,50,3,1
Anchylorhynchus_bucki,56,2,0
Anchylorhynchus_bucki,60,1,3
Anchylorhynchus_bucki,61,0,2
Anchylorhynchus_bucki,64,1,0
Anchylorhynchus_bucki,69,1,0
Anchylorhynchus_bucki,72,2,0
Anchylorhynchus_bucki,82,2,0
Anchylorhynchus_bucki,83,1,0
"Anchylorhynchus_bucki,Anchylorhynchus_vittipennis,Anchylorhynchus_variabilis",46,1,0
"Anchylorhynchus_bucki,Anchylorhynchus_vittipennis,Anchylorhynchus_variabilis",49,1,0
"Anchylorhynchus_bucki,Anchylorhynchus_vittipennis,Anchylorhynchus_variabilis",68,0,1
"Anchylorhynchus_bucki,Anchylorhynchus_vittipennis,Anchylorhynchus_variabilis",89,1,2
Anchylorhynchus_burmeisteri,13,2,1
Anchylorhynchus_burmeisteri,23,0,1
Anchylorhynchus_burmeisteri,57,0,1
Anchylorhynchus_burmeisteri,63,0,1
Anchylorhynchus_burmeisteri,78,1,0
Anchylorhynchus_burmeisteri,85,2,3
Anchylorhynchus_burmeisteri,88,0,1
Anchylorhynchus_burmeisteri,90,0,1
Anchylorhynchus_burmeisteri,104,1,2
Anchylorhynchus_camposi,15,0,1
Anchylorhynchus_camposi,26,2,1
Anchylorhynchus_camposi,28,2,1
Anchylorhynchus_camposi,35,1,0
Anchylorhynchus_camposi,36,2,1
Anchylorhynchus_camposi,73,1,0
Anchylorhynchus_camposi,104,1,2
Anchylorhynchus_centrosquamatus,18,0,1
Anchylorhynchus_centrosquamatus,24,1,0
Anchylorhynchus_centrosquamatus,77,1,2
Anchylorhynchus_centrosquamatus,78,0,1
Anchylorhynchus_centrosquamatus,85,2,0
Anchylorhynchus_centrosquamatus,89,2,1
Anchylorhynchus_centrosquamatus,93,0,1
Anchylorhynchus_centrosquamatus,109,1,0
Anchylorhynchus_chrysomeloides,14,0,1/2
Anchylorhynchus_chrysomeloides,23,0,1
Anchylorhynchus_chrysomeloides,32,2,1
Anchylorhynchus_chrysomeloides,36,0,2
Anchylorhynchus_chrysomeloides,45,1,0
Anchylorhynchus_chrysomeloides,63,0,2
Anchylorhynchus_chrysomeloides,65,1,0
"Anchylorhynchus_chrysomeloides,Anchylorhynchus_bicolor",31,1,0
"Anchylorhynchus_chrysomeloides,Anchylorhynchus_bicolor",33,1,0
"Anchylorhynchus_chrysomeloides,Anchylorhynchus_bicolor",40,3,4
"Anchylorhynchus_chrysomeloides,Anchylorhynchus_bicolor,Anchylorhynchus_burmeisteri,Anchylorhynchus_multisquamis",60,2,3
"Anchylorhynchus_chrysomeloides,Anchylorhynchus_bicolor,Anchylorhynchus_burmeisteri,Anchylorhynchus_multisquamis",68,0,1
"Anchylorhynchus_chrysomeloides,Anchylorhynchus_bicolor,Anchylorhynchus_burmeisteri,Anchylorhynchus_multisquamis,Anchylorhynchus_parcus",78,0,1
"Anchylorhynchus_chrysomeloides,Anchylorhynchus_bicolor,Anchylorhynchus_burmeisteri,Anchylorhynchus_multisquamis,Anchylorhynchus_parcus,Anchylorhynchus_tremolerasi",24,1,2
"Anchylorhynchus_chrysomeloides,Anchylorhynchus_bicolor,Anchylorhynchus_burmeisteri,Anchylorhynchus_multisquamis,Anchylorhynchus_parcus,Anchylorhynchus_tremolerasi",26,1,0
"Anchylorhynchus_chrysomeloides,Anchylorhynchus_bicolor,Anchylorhynchus_burmeisteri,Anchylorhynchus_multisquamis,Anchylorhynchus_parcus,Anchylorhynchus_tremolerasi",28,1,0
"Anchylorhynchus_chrysomeloides,Anchylorhynchus_bicolor,Anchylorhynchus_burmeisteri,Anchylorhynchus_multisquamis,Anchylorhynchus_parcus,Anchylorhynchus_tremolerasi",34,1,0
"Anchylorhynchus_chrysomeloides,Anchylorhynchus_bicolor,Anchylorhynchus_burmeisteri,Anchylorhynchus_multisquamis,Anchylorhynchus_parcus,Anchylorhynchus_tremolerasi",83,1,0
"Anchylorhynchus_chrysomeloides,Anchylorhynchus_bicolor,Anchylorhynchus_burmeisteri,Anchylorhynchus_multisquamis,Anchylorhynchus_parcus,Anchylorhynchus_tremolerasi",85,0,2
"Anchylorhynchus_chrysomeloides,Anchylorhynchus_bicolor,Anchylorhynchus_burmeisteri,Anchylorhynchus_multisquamis,Anchylorhynchus_parcus,Anchylorhynchus_tremolerasi",86,0,1
"Anchylorhynchus_chrysomeloides,Anchylorhynchus_bicolor,Anchylorhynchus_burmeisteri,Anchylorhynchus_multisquamis,Anchylorhynchus_parcus,Anchylorhynchus_tremolerasi",89,1,2
"Anchylorhynchus_chrysomeloides,Anchylorhynchus_bicolor,Anchylorhynchus_burmeisteri,Anchylorhynchus_multisquamis,Anchylorhynchus_parcus,Anchylorhynchus_tremolerasi",90,1,0
"Anchylorhynchus_chrysomeloides,Anchylorhynchus_bicolor,Anchylorhynchus_burmeisteri,Anchylorhynchus_multisquamis,Anchylorhynchus_parcus,Anchylorhynchus_tremolerasi,Anchylorhynchus_minimus",20,0,1
"Anchylorhynchus_chrysomeloides,Anchylorhynchus_bicolor,Anchylorhynchus_burmeisteri,Anchylorhynchus_multisquamis,Anchylorhynchus_parcus,Anchylorhynchus_tremolerasi,Anchylorhynchus_minimus",40,2,3
"Anchylorhynchus_chrysomeloides,Anchylorhynchus_bicolor,Anchylorhynchus_burmeisteri,Anchylorhynchus_multisquamis,Anchylorhynchus_parcus,Anchylorhynchus_tremolerasi,Anchylorhynchus_minimus",48,1,2
"Anchylorhynchus_chrysomeloides,Anchylorhynchus_bicolor,Anchylorhynchus_burmeisteri,Anchylorhynchus_multisquamis,Anchylorhynchus_parcus,Anchylorhynchus_tremolerasi,Anchylorhynchus_minimus",60,1,2
"Anchylorhynchus_chrysomeloides,Anchylorhynchus_bicolor,Anchylorhynchus_burmeisteri,Anchylorhynchus_multisquamis,Anchylorhynchus_parcus,Anchylorhynchus_tremolerasi,Anchylorhynchus_minimus",61,0,1
"Anchylorhynchus_chrysomeloides,Anchylorhynchus_bicolor,Anchylorhynchus_burmeisteri,Anchylorhynchus_multisquamis,Anchylorhynchus_parcus,Anchylorhynchus_tremolerasi,Anchylorhynchus_minimus",71,2,3
"Anchylorhynchus_chrysomeloides,Anchylorhynchus_bicolor,Anchylorhynchus_burmeisteri,Anchylorhynchus_multisquamis,Anchylorhynchus_parcus,Anchylorhynchus_tremolerasi,Anchylorhynchus_minimus",73,0,1
"Anchylorhynchus_chrysomeloides,Anchylorhynchus_bicolor,Anchylorhynchus_burmeisteri,Anchylorhynchus_multisquamis,Anchylorhynchus_parcus,Anchylorhynchus_tremolerasi,Anchylorhynchus_minimus",79,2,3
"Anchylorhynchus_chrysomeloides,Anchylorhynchus_bicolor,Anchylorhynchus_burmeisteri,Anchylorhynchus_multisquamis,Anchylorhynchus_parcus,Anchylorhynchus_tremolerasi,Anchylorhynchus_minimus",93,0,1
Anchylorhynchus_goiano,20,0,1
Anchylorhynchus_goiano,26,1,2
Anchylorhynchus_goiano,44,1,2
Anchylorhynchus_goiano,61,0,1
"Anchylorhynchus_goiano,Anchylorhynchus_imitator,Anchylorhynchus_amazonicus,Anchylorhynchus_camposi,Anchylorhynchus_rectus,Anchylorhynchus_centrosquamatus,Anchylorhynchus_latipes,Anchylorhynchus_trapezicollis",30,2,3
"Anchylorhynchus_goiano,Anchylorhynchus_imitator,Anchylorhynchus_amazonicus,Anchylorhynchus_camposi,Anchylorhynchus_rectus,Anchylorhynchus_centrosquamatus,Anchylorhynchus_latipes,Anchylorhynchus_trapezicollis",41,1,2
"Anchylorhynchus_goiano,Anchylorhynchus_imitator,Anchylorhynchus_amazonicus,Anchylorhynchus_camposi,Anchylorhynchus_rectus,Anchylorhynchus_centrosquamatus,Anchylorhynchus_latipes,Anchylorhynchus_trapezicollis",45,1,2
"Anchylorhynchus_goiano,Anchylorhynchus_imitator,Anchylorhynchus_amazonicus,Anchylorhynchus_camposi,Anchylorhynchus_rectus,Anchylorhynchus_centrosquamatus,Anchylorhynchus_latipes,Anchylorhynchus_trapezicollis",46,1,0
"Anchylorhynchus_goiano,Anchylorhynchus_imitator,Anchylorhynchus_amazonicus,Anchylorhynchus_camposi,Anchylorhynchus_rectus,Anchylorhynchus_centrosquamatus,Anchylorhynchus_latipes,Anchylorhynchus_trapezicollis",56,1,2
"Anchylorhynchus_goiano,Anchylorhynchus_imitator,Anchylorhynchus_amazonicus,Anchylorhynchus_camposi,Anchylorhynchus_rectus,Anchylorhynchus_centrosquamatus,Anchylorhynchus_latipes,Anchylorhynchus_trapezicollis",60,1,2
"Anchylorhynchus_goiano,Anchylorhynchus_imitator,Anchylorhynchus_amazonicus,Anchylorhynchus_camposi,Anchylorhynchus_rectus,Anchylorhynchus_centrosquamatus,Anchylorhynchus_latipes,Anchylorhynchus_trapezicollis",73,0,1
"Anchylorhynchus_goiano,Anchylorhynchus_imitator,Anchylorhynchus_amazonicus,Anchylorhynchus_camposi,Anchylorhynchus_rectus,Anchylorhynchus_centrosquamatus,Anchylorhynchus_latipes,Anchylorhynchus_trapezicollis",85,0,1
"Anchylorhynchus_goiano,Anchylorhynchus_imitator,Anchylorhynchus_amazonicus,Anchylorhynchus_camposi,Anchylorhynchus_rectus,Anchylorhynchus_centrosquamatus,Anchylorhynchus_latipes,Anchylorhynchus_trapezicollis",95,0,1
Anchylorhynchus_imitator,46,1,0
Anchylorhynchus_imitator,83,0,2
Anchylorhynchus_imitator,84,0,2
"Anchylorhynchus_imitator,Anchylorhynchus_amazonicus",42,1,2
"Anchylorhynchus_imitator,Anchylorhynchus_amazonicus",82,2,1
"Anchylorhynchus_imitator,Anchylorhynchus_amazonicus,Anchylorhynchus_camposi",60,3,2
"Anchylorhynchus_imitator,Anchylorhynchus_amazonicus,Anchylorhynchus_camposi,Anchylorhynchus_rectus",23,0,1
"Anchylorhynchus_imitator,Anchylorhynchus_amazonicus,Anchylorhynchus_camposi,Anchylorhynchus_rectus",50,3,2
"Anchylorhynchus_imitator,Anchylorhynchus_amazonicus,Anchylorhynchus_camposi,Anchylorhynchus_rectus",56,2,0
"Anchylorhynchus_imitator,Anchylorhynchus_amazonicus,Anchylorhynchus_camposi,Anchylorhynchus_rectus",65,0,1
"Anchylorhynchus_imitator,Anchylorhynchus_amazonicus,Anchylorhynchus_camposi,Anchylorhynchus_rectus",70,1,0
"Anchylorhynchus_imitator,Anchylorhynchus_amazonicus,Anchylorhynchus_camposi,Anchylorhynchus_rectus",92,0,1
"Anchylorhynchus_imitator,Anchylorhynchus_amazonicus,Anchylorhynchus_camposi,Anchylorhynchus_rectus,Anchylorhynchus_centrosquamatus",26,1,2
"Anchylorhynchus_imitator,Anchylorhynchus_amazonicus,Anchylorhynchus_camposi,Anchylorhynchus_rectus,Anchylorhynchus_centrosquamatus",41,2,1
"Anchylorhynchus_imitator,Anchylorhynchus_amazonicus,Anchylorhynchus_camposi,Anchylorhynchus_rectus,Anchylorhynchus_centrosquamatus",46,0,1
"Anchylorhynchus_imitator,Anchylorhynchus_amazonicus,Anchylorhynchus_camposi,Anchylorhynchus_rectus,Anchylorhynchus_centrosquamatus",61,0,1
"Anchylorhynchus_imitator,Anchylorhynchus_amazonicus,Anchylorhynchus_camposi,Anchylorhynchus_rectus,Anchylorhynchus_centrosquamatus",71,2,3
"Anchylorhynchus_imitator,Anchylorhynchus_amazonicus,Anchylorhynchus_camposi,Anchylorhynchus_rectus,Anchylorhynchus_centrosquamatus",96,1,0
"Anchylorhynchus_imitator,Anchylorhynchus_amazonicus,Anchylorhynchus_camposi,Anchylorhynchus_rectus,Anchylorhynchus_centrosquamatus,Anchylorhynchus_latipes",15,1,0
"Anchylorhynchus_imitator,Anchylorhynchus_amazonicus,Anchylorhynchus_camposi,Anchylorhynchus_rectus,Anchylorhynchus_centrosquamatus,Anchylorhynchus_latipes",33,0,1
"Anchylorhynchus_imitator,Anchylorhynchus_amazonicus,Anchylorhynchus_camposi,Anchylorhynchus_rectus,Anchylorhynchus_centrosquamatus,Anchylorhynchus_latipes",34,0,1
"Anchylorhynchus_imitator,Anchylorhynchus_amazonicus,Anchylorhynchus_camposi,Anchylorhynchus_rectus,Anchylorhynchus_centrosquamatus,Anchylorhynchus_latipes",60,2,3
"Anchylorhynchus_imitator,Anchylorhynchus_amazonicus,Anchylorhynchus_camposi,Anchylorhynchus_rectus,Anchylorhynchus_centrosquamatus,Anchylorhynchus_latipes",83,1,0
"Anchylorhynchus_imitator,Anchylorhynchus_amazonicus,Anchylorhynchus_camposi,Anchylorhynchus_rectus,Anchylorhynchus_centrosquamatus,Anchylorhynchus_latipes",84,1,0
"Anchylorhynchus_imitator,Anchylorhynchus_amazonicus,Anchylorhynchus_camposi,Anchylorhynchus_rectus,Anchylorhynchus_centrosquamatus,Anchylorhynchus_latipes",85,1,2
"Anchylorhynchus_imitator,Anchylorhynchus_amazonicus,Anchylorhynchus_camposi,Anchylorhynchus_rectus,Anchylorhynchus_centrosquamatus,Anchylorhynchus_latipes",86,0,1
"Anchylorhynchus_imitator,Anchylorhynchus_amazonicus,Anchylorhynchus_camposi,Anchylorhynchus_rectus,Anchylorhynchus_centrosquamatus,Anchylorhynchus_latipes",87,2,1
"Anchylorhynchus_imitator,Anchylorhynchus_amazonicus,Anchylorhynchus_camposi,Anchylorhynchus_rectus,Anchylorhynchus_centrosquamatus,Anchylorhynchus_latipes,Anchylorhynchus_trapezicollis",48,1,3
"Anchylorhynchus_imitator,Anchylorhynchus_amazonicus,Anchylorhynchus_camposi,Anchylorhynchus_rectus,Anchylorhynchus_centrosquamatus,Anchylorhynchus_latipes,Anchylorhynchus_trapezicollis",77,2,1
Anchylorhynchus_latipes,51,0,1
Anchylorhynchus_latipes,60,3,4
Anchylorhynchus_latipes,73,1,0
Anchylorhynchus_luteobrunneus,3,0,1
Anchylorhynchus_luteobrunneus,6,0,1
Anchylorhynchus_luteobrunneus,44,1,0
Anchylorhynchus_luteobrunneus,47,0,1
Anchylorhynchus_luteobrunneus,78,0,1
Anchylorhynchus_luteobrunneus,81,0,1
Anchylorhynchus_luteobrunneus,82,2,1
Anchylorhynchus_luteobrunneus,93,0,1
"Anchylorhynchus_luteobrunneus,Anchylorhynchus_pinnocchio,Anchylorhynchus_albidus,Anchylorhynchus_goiano,Anchylorhynchus_trapezicollis,Anchylorhynchus_latipes,Anchylorhynchus_centrosquamatus,Anchylorhynchus_rectus,Anchylorhynchus_camposi,Anchylorhynchus_imitator,Anchylorhynchus_amazonicus",28,1,2
"Anchylorhynchus_luteobrunneus,Anchylorhynchus_pinnocchio,Anchylorhynchus_albidus,Anchylorhynchus_goiano,Anchylorhynchus_trapezicollis,Anchylorhynchus_latipes,Anchylorhynchus_centrosquamatus,Anchylorhynchus_rectus,Anchylorhynchus_camposi,Anchylorhynchus_imitator,Anchylorhynchus_amazonicus",34,1,0
"Anchylorhynchus_luteobrunneus,Anchylorhynchus_pinnocchio,Anchylorhynchus_albidus,Anchylorhynchus_goiano,Anchylorhynchus_trapezicollis,Anchylorhynchus_latipes,Anchylorhynchus_centrosquamatus,Anchylorhynchus_rectus,Anchylorhynchus_camposi,Anchylorhynchus_imitator,Anchylorhynchus_amazonicus",38,0,1
"Anchylorhynchus_luteobrunneus,Anchylorhynchus_pinnocchio,Anchylorhynchus_albidus,Anchylorhynchus_goiano,Anchylorhynchus_trapezicollis,Anchylorhynchus_latipes,Anchylorhynchus_centrosquamatus,Anchylorhynchus_rectus,Anchylorhynchus_camposi,Anchylorhynchus_imitator,Anchylorhynchus_amazonicus",62,0,1
Anchylorhynchus_minimus,21,0,1
Anchylorhynchus_minimus,30,2,0
Anchylorhynchus_minimus,77,2,1
Anchylorhynchus_multisquamis,18,2,0
Anchylorhynchus_multisquamis,51,0,1
Anchylorhynchus_multisquamis,58,2,1
Anchylorhynchus_multisquamis,73,1,0
Anchylorhynchus_multisquamis,87,2,1
Anchylorhynchus_multisquamis,92,0,1
Anchylorhynchus_multisquamis,95,0,1
"Anchylorhynchus_multisquamis,Anchylorhynchus_burmeisteri",20,1,0
"Anchylorhynchus_multisquamis,Anchylorhynchus_burmeisteri",48,2,3
"Anchylorhynchus_multisquamis,Anchylorhynchus_burmeisteri",49,0,1
"Anchylorhynchus_multisquamis,Anchylorhynchus_burmeisteri",50,2,3
"Anchylorhynchus_multisquamis,Anchylorhynchus_burmeisteri",56,1,0
"Anchylorhynchus_multisquamis,Anchylorhynchus_burmeisteri",72,2,3
"Anchylorhynchus_multisquamis,Anchylorhynchus_burmeisteri",83,0,2
Anchylorhynchus_parcus,0,2,1
Anchylorhynchus_parcus,14,0,2
Anchylorhynchus_parcus,48,2,1
Anchylorhynchus_parcus,62,0,1
Anchylorhynchus_parcus,64,1,0
Anchylorhynchus_parcus,76,1,0
Anchylorhynchus_parcus,77,2,1
Anchylorhynchus_parcus,85,2,3
Anchylorhynchus_pinnocchio,1,0,1
Anchylorhynchus_pinnocchio,5,1,0
Anchylorhynchus_pinnocchio,15,1,2
Anchylorhynchus_pinnocchio,16,0,1
Anchylorhynchus_pinnocchio,34,0,2
Anchylorhynchus_pinnocchio,47,0,1
Anchylorhynchus_pinnocchio,49,0,1
Anchylorhynchus_pinnocchio,58,2,1
Anchylorhynchus_pinnocchio,72,2,3
Anchylorhynchus_pinnocchio,81,0,1
Anchylorhynchus_pinnocchio,82,2,0
Anchylorhynchus_pinnocchio,92,0,1
Anchylorhynchus_pinnocchio,93,0,1
"Anchylorhynchus_pinnocchio,Anchylorhynchus_albidus",0,2,3
"Anchylorhynchus_pinnocchio,Anchylorhynchus_albidus",3,0,2
"Anchylorhynchus_pinnocchio,Anchylorhynchus_albidus",11,0,1
"Anchylorhynchus_pinnocchio,Anchylorhynchus_albidus,Anchylorhynchus_goiano,Anchylorhynchus_trapezicollis,Anchylorhynchus_latipes,Anchylorhynchus_centrosquamatus,Anchylorhynchus_rectus,Anchylorhynchus_camposi,Anchylorhynchus_imitator,Anchylorhynchus_amazonicus",40,2,1
"Anchylorhynchus_pinnocchio,Anchylorhynchus_albidus,Anchylorhynchus_goiano,Anchylorhynchus_trapezicollis,Anchylorhynchus_latipes,Anchylorhynchus_centrosquamatus,Anchylorhynchus_rectus,Anchylorhynchus_camposi,Anchylorhynchus_imitator,Anchylorhynchus_amazonicus",65,1,0
"Anchylorhynchus_pinnocchio,Anchylorhynchus_albidus,Anchylorhynchus_goiano,Anchylorhynchus_trapezicollis,Anchylorhynchus_latipes,Anchylorhynchus_centrosquamatus,Anchylorhynchus_rectus,Anchylorhynchus_camposi,Anchylorhynchus_imitator,Anchylorhynchus_amazonicus",89,1,2
Anchylorhynchus_rectus,20,0,1
Anchylorhynchus_rectus,21,0,1
Anchylorhynchus_rectus,83,0,1
Anchylorhynchus_rectus,84,0,1
Anchylorhynchus_trapezicollis,35,1,0
Anchylorhynchus_tremolerasi,7,0,2/3
Anchylorhynchus_tremolerasi,44,1,2
Anchylorhynchus_tremolerasi,45,1,0
Anchylorhynchus_tremolerasi,74,0,1
Anchylorhynchus_tremolerasi,88,0,1
Anchylorhynchus_tremolerasi,104,1,2
Anchylorhynchus_tricarinatus,19,2,4
Anchylorhynchus_tricarinatus,26,1,0
Anchylorhynchus_tricarinatus,33,1,2
Anchylorhynchus_tricarinatus,38,0,1
Anchylorhynchus_tricarinatus,41,1,2
Anchylorhynchus_tricarinatus,45,1,2
Anchylorhynchus_tricarinatus,48,1,3
Anchylorhynchus_tricarinatus,72,2,3
Anchylorhynchus_tricarinatus,81,0,1
Anchylorhynchus_tricarinatus,89,1,2
Anchylorhynchus_tricarinatus,93,0,1
Anchylorhynchus_tricarinatus,102,1,4
Anchylorhynchus_vanini,8,1,0
Anchylorhynchus_vanini,19,2,3
Anchylorhynchus_vanini,26,1,0
Anchylorhynchus_vanini,27,2,0
Anchylorhynchus_vanini,30,2,3
Anchylorhynchus_vanini,43,2,1
Anchylorhynchus_vanini,53,1,0
Anchylorhynchus_vanini,54,0,1
Anchylorhynchus_vanini,72,2,0
Anchylorhynchus_vanini,83,1,0
Anchylorhynchus_vanini,85,0,4
Anchylorhynchus_vanini,90,1,2
Anchylorhynchus_variabilis,31,1,0
Anchylorhynchus_variabilis,33,1,0
Anchylorhynchus_variabilis,41,1,2
Anchylorhynchus_variabilis,67,0,1
Anchylorhynchus_variabilis,70,0,1
Anchylorhynchus_variabilis,73,1,0
Anchylorhynchus_variabilis,81,0,1
Anchylorhynchus_variabilis,89,2,3
Anchylorhynchus_variabilis,90,1,2
Anchylorhynchus_variabilis,92,1,0
"Anchylorhynchus_variabilis,Anchylorhynchus_vittipennis",18,0,1
"Anchylorhynchus_variabilis,Anchylorhynchus_vittipennis",20,0,1
"Anchylorhynchus_variabilis,Anchylorhynchus_vittipennis",24,1,2
"Anchylorhynchus_variabilis,Anchylorhynchus_vittipennis",35,1,0
"Anchylorhynchus_variabilis,Anchylorhynchus_vittipennis",38,0,1
"Anchylorhynchus_variabilis,Anchylorhynchus_vittipennis",48,1,3
"Anchylorhynchus_variabilis,Anchylorhynchus_vittipennis",85,0,1
"Anchylorhynchus_variabilis,Anchylorhynchus_vittipennis",93,0,1
Anchylorhynchus_vittipennis,21,1,0
Anchylorhynchus_vittipennis,26,1,0
Anchylorhynchus_vittipennis,52,1,0
Anchylorhynchus_vittipennis,53,1,0
Anchylorhynchus_vittipennis,56,2,1